12,Old City_2014_12_1.txt
12,Old City_2014_12_2.txt
12,Old City_2014_12_3.txt
13,Old City_2014_13.txt
14,Old City_2014_14_1.txt
14,Old City_2014_14_2.txt
15,Old City_2014_15_1.txt
15,Old City_2014_15_2.txt
15,Old City_2014_15_3.txt
16,Old City_2014_16_1.txt
16,Old City_2014_16_2.txt
21,Secunderabad_2014_21_1.txt
21,Secunderabad_2014_21_2.txt
22,Secunderabad_2014_22_1.txt
22,Secunderabad_2014_22_2.txt
23,Secunderabad_2014_23.txt
24,Secunderabad_2014_24.txt
25,Secunderabad_2014_25_1.txt
25,Secunderabad_2014_25_2.txt
25,Secunderabad_2014_25_3.txt
26,Secunderabad_2014_26_1.txt
26,Secunderabad_2014_26_2.txt
31,raidurgam_2016_31_1.txt
31,raidurgam_2016_31_2.txt
31,raidurgam_2016_31_3.txt
32,raidurgam_2016_32.txt
33,raidurgam_2016_33.txt
34,raidurgam_2016_34.txt
35,raidurgam_2016_35.txt
36,raidurgam_2016_36_1.txt
36,raidurgam_2016_36_2.txt
36,raidurgam_2016_36_3.txt
41,Gachibouli_2016_41_1.txt
41,Gachibouli_2016_41_2.txt
41,Gachibouli_2016_41_3.txt
41,Gachibouli_2016_41_4.txt
42,Gachibouli_2016_42.txt
43,Gachibouli_2016_43_1.txt
43,Gachibouli_2016_43_2.txt
44,Gachibouli_2016_44.txt
45,Gachibouli_2016_45.txt
46,Gachibouli_2016_46_1.txt
46,Gachibouli_2016_46_2.txt
46,Gachibouli_2016_46_3.txt
46,Gachibouli_2017_46_4.txt
46,Gachibouli_2017_46_5.txt
51,Kondapur_2017_51.txt
52,Kondapur_2017_52_1.txt
52,Kondapur_2017_52_2.txt
52,Kondapur_2017_52_3.txt
53,Kondapur_2017_53_1.txt
53,Kondapur_2017_53_2.txt
53,Kondapur_2017_53_3.txt
54,Kondapur_2017_54_1.txt
54,Kondapur_2017_54_2.txt
54,Kondapur_2017_54_3.txt
55,Kondapur_2017_55_1.txt
55,Kondapur_2017_55_2.txt
61,Kukatpally_2017_61.txt
62,Kukatpally_2017_62_1.txt
62,Kukatpally_2017_62_2.txt
62,Kukatpally_2017_62_3.txt
62,Kukatpally_2017_62_4.txt
63,Kukatpally_2017_63_1.txt
63,Kukatpally_2017_63_2.txt
64,Kukatpally_2017_64_1.txt
64,Kukatpally_2017_64_2.txt
65,Kukatpally_2017_65.txt
66,Kukatpally_2017_66_1.txt
66,Kukatpally_2017_66_2.txt
71,Balanagar_2018_71_1.txt
71,Balanagar_2018_71_9.txt
72,Balanagar_2018_72_10.txt
72,Balanagar_2018_72_3.txt
73,Balanagar_2018_73_5.txt
73,Balanagar_2018_73_8.txt
74,Balanagar_2018_74_4.txt
75,Balanagar_2018_75_6.txt
75,Balanagar_2018_75_7.txt
76,Balanagar_2018_76_2.txt
81,Komapally_2018_81_4.txt
81,Komapally_2018_81_7.txt
82,Komapally_2018_82_3.txt
82,Komapally_2018_82_5.txt
83,Komapally_2018_83_2.txt
84,Komapally_2018_84_1.txt
84,Komapally_2018_84_8.txt
84,Komapally_2018_84_9.txt
85,Komapally_2018_85_10.txt
86,Komapally_2018_86_6.txt
92,Uppal_2018_92_11.txt
92,Uppal_2018_92_2.txt
92,Uppal_2018_92_6.txt
93,Uppal_2018_93_1.txt
93,Uppal_2018_93_3.txt
93,Uppal_2018_93_8.txt
94,Uppal_2018_94_10.txt
94,Uppal_2018_94_12.txt
94,Uppal_2018_94_13.txt
94,Uppal_2018_94_9.txt
95,Uppal_2018_95_5.txt
96,Uppal_2018_96_4.txt
96,Uppal_2018_96_7.txt
